a,b,c
35.590308952778955,37.57145041538916,51.75213983663191
57.35851871451161,85.88023373795913,103.27349232019547
22.267116573298317,15.568410385234396,27.1698340519763
19.139422532324957,60.030562366507624,63.00782421977472
38.47486845108685,19.190795308256266,42.99537331960067
38.38370924686994,97.21225538302267,104.51570088844196
13.555280696830494,38.788425848780484,41.08877723413301
80.26344702962179,55.9140655904207,97.81923972269857
34.561964162794624,83.01387877557903,89.92126242528421
55.99666149341064,76.90827506456385,95.13416248548275
33.647159420115834,78.34605276156704,85.26567492467842
60.526392331367035,17.807049890964915,63.09148274109493
92.57226443581331,57.869389161936446,109.17183860661957
37.51269680724268,64.4158162937856,74.54260399628423
57.98766944921574,48.85121943406681,75.82223584376061
41.63032920159991,93.59794777016775,102.43856762089479
51.31676786807897,85.89784755327194,100.05923684853612
11.456850521281822,95.93470058368057,96.61638680859183
51.41861679469464,75.40002074373884,91.2635594376852
27.709080225772357,11.637330684822855,30.053628606645958
62.74857896988455,19.314500292832207,65.65389618523528
58.449736586187406,94.62224900316744,111.21934055465405
61.68994684709431,35.91137140479189,71.3812029750846
13.06892713732433,20.869033141201722,24.623431945390312
37.722177647991884,2.3798033652497614,37.79717119790729
72.67543797569553,7.424822130070212,73.05372864284443
10.548455803602785,11.937916551906516,15.930592312931896
47.58416392396924,53.612460305774356,71.68367008169578
21.81442545197268,93.53144235926564,96.04165693908193
60.39634156784353,45.94625594259734,75.8866029673373
94.61459013672047,42.71279477232674,103.80897602809934
16.72935580301244,82.04874222466064,83.73689417594014
49.816927498696394,48.48390711143029,69.51557749310706
56.59573224667121,98.70487213074445,113.77929816483977
81.03867467739997,57.24350251039646,99.2173642722242
1.6970212536591474,29.513814794687175,29.562563232413837
85.66568441104339,10.274063000354861,86.27957960113008
32.9593034305783,88.86593765762754,94.781171961515
73.02834706291668,50.07927664174091,88.5498358197339
82.85153601085456,69.40932887733557,108.08344903157031
12.847998675502524,95.21583643755466,96.07875196144502
86.46238834765684,20.90334995976532,88.9533284274481
66.03092851774684,86.03996282288531,108.45717460582901
8.988300535637954,76.54162717648121,77.06756929696431
30.79096607858913,81.39448435539789,87.02382245991001
49.29110993598293,40.94793596529827,64.08078478404678
29.586471100571906,64.74328815077993,71.18323280632805
54.86317730147738,27.04692192654162,61.16783639555825
17.068811095493388,25.63170326545537,30.794943164454676
87.96757407497805,31.46894199643462,93.42691474629629
57.17186261075735,41.67335036672006,70.74807421527967
49.91750592460711,39.515000089025534,63.664689033787596
88.68758269799154,81.14556439664157,120.2085269274297
44.781251350379954,32.46847896003161,55.313313031167475
50.30561448528137,66.74463328561546,83.5793091690344
95.80348129475662,68.8627599228651,117.98468855062904
44.111716672406146,14.009662210433229,46.2829794096823
20.186491313323238,78.95362109763123,81.49336608565874
97.08936065255848,23.19126256728968,99.82073237252642
81.25477486470302,34.50683493969644,88.27831044978733
50.446291159313105,38.42735601795305,63.41521885368452
83.8400599080706,76.76427133936352,113.67457499217798
62.9791782909446,31.01727776841287,70.20290890244839
13.286030051909737,4.8993630112179005,14.160591529167798
95.25300614218979,57.11878079281408,111.06615280264997
60.19604050513992,50.43742428453407,78.53341365912061
56.740437760439995,40.9292919567348,69.96201982022818
26.631339596814062,82.78244179392112,86.9606860488392
61.98415093334583,57.3664006153092,84.45672789354289
89.07640340763122,48.22714046871094,101.29394217734756
77.56845937412277,14.819141468814179,78.97134191304882
69.89915283812184,95.86850607214588,118.6451095662699
20.620371571092523,32.830968544379985,38.7694753548715
74.68073918759694,25.39400300578643,78.88008743823607
58.177866918479445,99.52709606412714,115.28359401988773
49.355187207437254,38.24195084699566,62.437018737806575
65.95877189518677,69.95540359165582,96.1473768835777
82.01180162797189,28.372976070419806,86.78111186979818
30.571976898899482,10.392281553218858,32.29001838630967
6.5671897305627525,30.329489286345453,31.032336382034668
99.31888517919744,10.768252089515478,99.90093195912618
30.643289809038357,26.361161899509398,40.421801877363905
4.944796784343282,80.26367162855088,80.41584420084325
70.51307030708024,94.98485603822071,118.2971511099602
65.98782544443102,66.44376073578853,93.64382760011154
91.43744713289098,22.866155746909367,94.25321117512203
86.34761638442659,76.14139803928244,115.12351345684573
25.960919595456403,16.489778860934273,30.755197172579905
73.15279253231682,19.104747600999605,75.60636505066282
68.88332585373851,40.98196083330791,80.1525651143811
18.705831651242956,65.45608218842452,68.07647782620975
86.14440801177982,99.70975806964177,131.76833794962462
23.268124235402112,72.41714294187182,76.06344849727498
61.888148111813855,70.29331110400256,93.655178514986
10.086402563693417,42.71779136048918,43.89242776829695
25.68301162049281,70.50902897581689,75.04092385499365
72.8566475399,25.173955360867662,77.08319608879859
19.924440473129916,97.91792302007899,99.92448637212709
90.81976304475985,59.25806512209774,108.44237013972493
15.272544640068853,25.624464439712114,29.83058493568248
27.3017098307545,25.41725635750084,37.30174634552159
8.083741902228063,10.569797626659257,13.306671447449563
58.50824105467601,3.4443626005862766,58.60953766270805
76.50347014095273,2.2534935718361244,76.53665250640344
9.587264775446577,31.166892442699517,32.60814055430513
55.01975162166416,89.19075053789041,104.79581599482783
60.49044003280782,13.820362316456384,62.049139800007275
41.432868010395055,69.89439894122049,81.25213569452376
13.917000130574808,54.78912368061282,56.529027643538214
52.911614114991536,38.366677931321234,65.3577913009574
89.22796725239961,74.016215386971,115.93114456523656
96.83881801005354,43.782791907215284,106.27647689293613
88.45660146026619,51.082096322254586,102.14671265672949
86.4347987271445,63.07008360245102,106.9991115693123
1.4426254632621547,61.03024255056665,61.04729047229081
57.541730649687054,47.46063715317236,74.58929444059797
63.58396707838347,47.83229381898455,79.56663371923322
92.0667599835056,73.70424002943808,117.93474166748936
64.73684830891638,53.14354176060928,83.75616729431495
8.041347004744502,52.958344037266926,53.565375615412606
56.860214099666656,78.76121722286702,97.14120282294004
84.277833637415,20.280993985416735,86.68374680210997
8.41461355614764,44.40269522071775,45.19297582770197
22.31831605087255,8.617327107621065,23.924162635845295
38.67472687413292,26.133685944957733,46.67658984821471
84.2787722306937,1.0086477493040071,84.28480775914082
69.23722465720675,53.28122756266314,87.36522471107605
79.21588905842995,6.061052764574738,79.44742563439323
45.66135384166623,24.293929215945866,51.7218931537046
93.9858905105107,87.68124989801258,128.5354005662698
71.91489661793304,59.89107402329911,93.58788972528599
22.851566599958847,88.29557097554421,91.20472548048001
82.09745738148001,86.50858480321553,119.26327076329518
79.42067723205481,30.51519188356868,85.08126061412845
37.74051716751674,69.34143674489418,78.9467002851784
49.258810664020345,6.219889966844592,49.64994923696759
87.28665940596859,79.1997290577901,117.86245370380223
43.684962040517924,31.678333167725427,53.961956050229546
7.498927785643152,80.80910737572117,81.15630445501523
97.23829414222567,48.941874679836786,108.86042873729116
76.1153714347302,84.1553602907286,113.47102905283482
19.52691640225645,33.4769426552902,38.75572414142587
79.2545078703219,47.703363626703876,92.50344814691208
57.92514816824736,12.593090111531684,59.278231323737785
52.82961921143865,97.99088337080595,111.3246688286855
44.13233682859803,21.542703167905742,49.10958372592183
71.49439185512762,17.190709475163498,73.53209203466207
98.71542381016357,7.396670093308831,98.99214931745577
42.45835081645702,87.99362181178549,97.70153035448763
67.55694632560774,89.83471065736691,112.40202950006676
97.60203285996276,65.80651926977485,117.71429308627096
29.124676257697704,19.448237552322876,35.02114662610695
45.9333166579698,92.46208602197812,103.24295099781394
79.80951559340672,48.399765883342326,93.33861000045253
86.71579484847202,7.312445286237426,87.02356538470772
20.31656078575318,14.630056376667628,25.03599791791166
68.28130994152359,82.68375275115383,107.2331117535267
25.44315259802714,21.181194334642353,33.10584551961149
68.0937784543685,72.39595345929683,99.38780982330425
41.31314665136065,45.928197148080805,61.77520035993254
46.695096390590116,2.463190295768017,46.76001853463777
34.295575501283956,46.18794114980825,57.52836175854844
48.64170185312879,21.735987625779714,53.277277682298305
91.2166172435633,21.432920013888854,93.70080747613912
27.111198340347958,80.49755769381073,84.94041364461368
78.90015911693082,96.47381363597155,124.62917726658222
5.316436783127899,36.65538595544646,37.03892303525762
56.44675537771181,72.77244222046394,92.09812451620282
94.79426355944686,45.703125251493915,105.23653387266047
31.831352255340658,52.359693521194096,61.276198413714894
74.02846441419075,23.496351923748296,77.6678318047294
19.666382321447475,28.525486702007512,34.64779913933567
40.31810029638886,14.209864451111898,42.7489117899935
15.184751961810946,57.38663181131882,59.361622305910664
40.16856307663253,19.31321048133243,44.570321501394346
54.97234520113393,68.80956202745895,88.07221220863794
21.048894686997468,23.01852605250449,31.191481355878853
84.15554227343503,65.10428562759535,106.3988876935066
34.17454600767538,4.77894362502154,34.50707024657201
49.63122058748903,68.46002713429635,84.55786996035667
18.03603009958262,82.2520310554016,84.20626457985058
34.931623927087266,81.94995516503448,89.08430558597074
50.63522835441909,50.64293481575579,71.61447617107213
39.97411438411616,82.02236318559122,91.24471427618936
84.49886660320955,36.09062319186712,91.88357600574946
93.69730182281356,15.865819139171261,95.03109273197018
50.057339221196585,60.24123232126557,78.32460201935683
20.162678672443924,25.076362903981845,32.17697294246962
89.48257249842821,49.62980465307932,102.324231200822
67.25014880677173,54.47639488150871,86.54628885064345
35.48791287211211,39.79591181686542,53.32078916665009
67.89189655117019,29.094095456075117,73.86322500217551
6.850399444666409,75.75531791527649,76.06442115073314
50.54063912010822,9.56935191049065,51.438591530638014
51.526483118942885,20.463028926830347,55.44108598744258
5.313486407612446,78.50431865957893,78.6839321971684
79.74732565870889,76.52893025621684,110.52743150854936
47.24975185459128,61.72633924812387,77.73467699357172
10.600387175142025,32.556736468763575,34.23900258125864
81.11915899594132,74.55834182949883,110.17832950527614
71.07771876682801,37.041790707512526,80.15071031447853
48.59182669455421,6.129562943606258,48.97690438761133
72.94893250211513,45.993647569787726,86.23782447378869
73.35061317491243,91.46418908843326,117.24338078859851
5.896493698464965,98.69928991360769,98.87526721777502
28.10876748360987,23.787571994153158,36.82324525112722
12.326280872665155,44.78348796545038,46.44887506176516
54.889715588357475,11.46954422353081,56.07522913075169
2.441471979012181,38.740718510765376,38.81757406323405
87.61329763072283,25.083862472502616,91.13336424311925
41.24994372260013,65.91821419315639,77.76097234173787
70.37175364685434,72.39645517938736,100.96251994613942
9.145899012624271,70.53580350437412,71.12627534713734
57.01564879987676,77.98569827107129,96.605141389563
46.38887638762978,60.704137955186084,76.39973964215493
55.460253919633836,69.27865747114596,88.74329352595963
39.8540165907965,98.41704177202578,106.18030302073991
34.71138581402534,1.6152051581810247,34.7489452046121
52.4425147137525,54.05711664926261,75.31526545086416
25.530922089689906,66.47637116862255,71.21050418651933
70.79648094320011,66.87437873580271,97.38749532275936
98.54338940967583,27.116142865102944,102.20608983924433
78.39775213800594,77.48231991907495,110.22575670111816
90.40175234480309,85.23782719683128,124.24960367038592
47.25815633693992,30.181188214238826,56.07350053626011
93.75123277761114,24.000765483104896,96.77463712717721
64.24002340035688,65.26740082960664,91.57845935333776
10.38951039074846,54.42807375129202,55.41080344513652
72.28054629504452,2.266729430271656,72.31608005844988
48.89726148324541,99.1723766625967,110.57170738244405
9.863470863363593,96.08237114577953,96.5873185385522
72.86154473185637,74.72914662640139,104.37073371507218
61.12778555463212,43.004951645089015,74.73976206016135
51.69261657830584,95.792380610313,108.84992784427011
47.78299073045193,92.18984108001267,103.8372813661088
42.52833696000898,54.92557048060791,69.46565868977486
21.883768943418552,41.01577761796879,46.48863685650075
9.429203113464698,40.61377891492285,41.6939912829799
26.453117488801716,13.521449284535564,29.70853439048474
28.13448222707138,69.55395055298233,75.02866870544956
58.251245414541444,17.997271486086277,60.96810127672527
85.61626706765959,42.871370936263254,95.75019390348768
80.06023932324399,75.12176255589901,109.78579657678844
63.97679948743237,92.9939828350568,112.87564713516359
79.80731791055045,94.6844292977651,123.83193910909716
76.30594742183783,40.79736971110895,86.5275851234113
42.127349739218715,99.80265489064021,108.32951361134546
23.766527356088375,67.11072017099306,71.19477919368127
57.245652635088746,15.195254814319735,59.228038246166406
25.560852824847206,66.8461230831006,71.56648215732372
1.5763814367571243,70.429083398186,70.44672289569466
12.141950726104337,99.06490039475518,99.80621953394443
32.70011324177489,68.70654046542036,76.09130113719536
23.50882761763397,75.95324568888752,79.50824175286573
6.56964158399156,80.27183531774534,80.54022433431223
95.96947476055382,57.1697945919718,111.707320706858
6.119315509905492,8.26279314956365,10.282012105723563
15.746441684920075,18.114163899556377,24.001528274603267
84.3275179383286,77.71516380598838,114.67683709900068
74.83142675154483,50.25434486298517,90.14012207269116
10.541995852744625,61.658045275591846,62.55276351821891
53.21869565376884,51.92004027965324,74.34998419454634
13.595301946614478,32.88068903300538,35.58049952298056
35.696728691934545,10.839965863581117,37.306317149099385
45.22463033309004,51.24932631444234,68.3502789785736
34.7160782565071,75.83554241869852,83.4040501621483
2.3005114785170826,86.25518254819833,86.28585555863607
84.94166789079993,99.36107056047351,130.7199651430276
69.59945308045376,85.84959663223877,110.51803975377227
98.54813219339223,48.25513016792747,109.72826411791054
83.57099678801305,93.8297747535333,125.65085807283961
78.41735605574904,54.57483512819411,95.53896775684616
23.511782191855076,91.40702917044088,94.38246067783496
29.116058699101412,9.770913606759573,30.7118157535545
46.502870094494654,15.779735789219037,49.107198948860905
33.49725775426692,14.359907630266514,36.445482905369516
10.208900374004704,3.7205710338088918,10.86573953598977
93.36211163885655,72.41281482674124,118.15286556321108
87.5038352970011,98.28198025099931,131.59129467309953
41.917410532373516,44.63307157023124,61.23055106344317
30.399690992818435,86.78415261826153,91.95450156533151
4.263920379310009,91.39813320250444,91.4975396931734
15.364980210825193,26.019015651618872,30.217077826259732
20.27191388144792,9.357911145738472,22.327583689875112
35.104261900416766,17.463232798533824,39.2080821177068
72.0195492404867,15.561525473735276,73.68158893422833
83.09487080446948,51.50301176880506,97.76153525425603
52.72946676409275,26.64153306057039,59.07764339446037
47.22970900053831,51.50743072389843,69.88319420327555
78.86924208934836,61.73701118369838,100.15895315769
52.96533777721497,10.82788894222146,54.06080081537414
96.29935363557583,82.98075603676851,127.11951613762297
55.27824909487141,94.39328375788386,109.38819333726576
3.3069871891996883,25.01468167487279,25.23232972923324
41.10281781668935,20.35369425911078,45.86626758812314
17.568271627530773,58.492764486927655,61.07411616472143
91.69931842721344,52.17290041852061,105.50249541170272
51.27538400179395,16.565750155159463,53.88496156382217
44.717771494143236,14.501704074429917,47.010408511996005
81.0903690932589,75.81069027445888,111.00859750294521
14.009850854355443,71.54384710154659,72.90266098744792
14.533303085588958,20.08932537568927,24.79511832252273
72.28637945291028,55.886415760976,91.37073996098968
74.96161066821595,14.006614780433647,76.25895574672296
26.52489105022675,29.301218217372295,39.52380591805993
90.75744993916585,81.86055639375316,122.22137870501639
72.76143123594858,55.77175102838353,91.67722775191052
58.419595129627716,60.40007086983217,84.0298616932717
17.88408957417258,77.76174110830625,79.7917855427003
64.11537694292885,20.58940029780828,67.34021803615755
78.5403312541442,58.11778310313494,97.70496582228428
72.48101420173055,97.55496766390291,121.53381889670302
72.47425812675678,60.83579711081339,94.62300090956649
99.0406957046032,60.226433141260145,115.91498028542507
6.000586570964563,15.268108913822944,16.404944041355336
96.72763964277753,15.10715226743492,97.90026721360107
51.92159972093085,10.077992516230454,52.890627248481024
98.41841019372191,9.98739872020739,98.92386768751061
95.86451953288665,28.396304712468577,99.98177947303485
60.00581647244872,99.82411726953792,116.47125138491326
43.12839731814297,15.129654154480757,45.70519762637286
14.43732286890955,49.28482023519588,51.35591297247779
32.538242412146076,58.81821848931903,67.21845018690071
37.02181646549676,81.81836012001595,89.8045597235104
19.090577950318565,17.952839738825073,26.20600353287632
93.09538682976081,10.522057151981516,93.68812483816916
64.23171061882455,19.787468731148827,67.21053911260206
75.98508948888158,59.36262232403437,96.42434730823582
93.11041992368541,92.76859124752701,131.43653152915965
99.24373691117123,76.18895356322021,125.11624978855582
29.550444098414353,65.92250586033119,72.2426849260111
36.71633998368317,50.103835022296764,62.11669586945963
28.140909051240588,2.582038394655656,28.259116838671204
46.41589678190447,67.99605616852948,82.32799723388287
54.705690281714986,84.44685631300706,100.61801076521333
22.11850810275943,44.61793023691153,49.79947890608635
75.23369723355019,50.32931147786242,90.51601401556076
75.01206279862323,11.634343334625562,75.90894222772796
79.45096538795295,44.40119512623267,91.0160536922772
70.53571263473604,79.15813363005839,106.02498232343282
67.17016383157349,55.79781666489783,87.322547224242
56.826306251300636,17.086907949612872,59.33962845725572
9.540797879297854,79.8940129909959,80.46166873722566
86.5988251354407,12.960969899016195,87.5633670867095
88.27231656537045,13.917673301042177,89.36276350881006
7.175272851084914,8.501076978596789,11.12442584062407
57.8015698123418,14.37053413371862,59.561176315276
74.45476572826033,78.68255967432098,108.32570025877152
65.39756893589822,22.385106379532065,69.12260853258164
51.15980979949561,76.76642068595072,92.25188065103566
33.93626751574825,8.202608617193341,34.91350800230885
20.77576478236995,52.13117095028085,56.11854761965753
62.163396507756154,22.388700173340947,66.07224652478729
1.6231637266784804,36.17096537098299,36.20736660339241
50.70200815828832,55.89624316955698,75.46577788476961
13.174977747799394,90.7390692658158,91.69055965518766
33.60949277509369,82.65387833173227,89.22590211298441
80.74991066502263,59.627613855499845,100.37928275550554
39.91775361899493,71.18061653426814,81.60947998967589
75.30664810263463,44.64699814964429,87.54682000066241
34.81801089097731,2.007532609263716,34.87583790508082
17.374786880686575,25.767424277312887,31.078020738720348
84.43537829350895,28.07719960045695,88.98124659146927
2.709939082507419,14.374798721237841,14.628007660204524
83.9298039508461,74.80643699419872,112.4287107770719
53.72174375844388,47.43026305804891,71.6634886549882
91.13764331596506,61.27675263755478,109.82217646264414
35.52092725219985,58.282627507814716,68.25394451656808
99.8586650922694,90.23818443527158,134.59079806652502
76.35362433231792,99.27326137387428,125.2399950993543
1.086613402193265,34.112882781332836,34.13018459280261
28.978293209834707,33.71163608459877,44.4546497551783
34.07391842693926,8.236047686739127,35.05516222275903
46.5771041897689,14.308452111662392,48.72533670008165
51.84833759140761,31.96790319325308,60.91138600923289
11.231879783511102,30.1223388892623,32.14825692989916
90.36547348669647,63.468563716289175,110.42724925797755
70.25246918997863,61.061060971076266,93.07987212175568
76.93528248700845,14.496683084228682,78.28915321933398
59.10383926945302,32.125207088199005,67.27029617036786
97.62172580016087,17.731966223555602,99.21907061827939
73.62336457969876,59.75920516895758,94.82384939697823
68.43481579682442,85.49445189396538,109.51084566286049
6.876144850332155,1.264132943825644,6.991380414654512
99.69882932947853,27.2696761265383,103.3609781576915
44.90522775739772,68.55073957875489,81.94927319225006
15.586249907044886,37.153367367611345,40.290245629898365
19.535862605131054,90.39735802290653,92.48422711602288
56.53609922249733,60.77183426192845,83.00329122905526
82.3045200498458,68.65313492930821,107.1787616846606
4.829813966117936,38.937436019666094,39.235838550143136
79.44062973728087,97.9351571942236,126.10356326334733
34.779334947989994,65.36108486434865,74.03832490048019
10.622537089054719,32.88911837466696,34.562008067691885
70.2316684664176,53.683908074055815,88.39937353669691
53.12269514769148,40.006711801383204,66.50231371097925
93.814604162308,47.859550856128564,105.31721873597353
82.94664454818825,64.35042218789278,104.98153493621405
39.51087470990356,89.233396922241,97.58948891465671
29.74176553856694,56.013759605537416,63.42013783096047
52.51536397528006,65.18341670237177,83.70627973127932
18.484425367491188,90.10143572467604,91.97794681777953
74.75814031321097,3.475192339637851,74.83887028067177
70.48222926940652,59.16328330956578,92.02194702761471
58.074201442487926,15.507152705324263,60.10893991919099
46.347257215758276,30.85690937050155,55.67959327548114
53.73897196846472,79.16664879733705,95.682994257226
32.246600236445374,73.42369631776961,80.19278276611415
71.92293203279306,55.6143016692557,90.91676799332863
93.03053693612304,93.96406521835875,132.22679892889843
71.6627139137244,56.53910844926501,91.28096926368639
53.05323184296817,57.74859784133213,78.41904081040293
32.22334743155622,39.522130639516085,50.99355773018546
42.650552485039654,5.9431645699666165,43.062638474492346
95.81516188480683,8.261327383435912,96.17065444899524
55.73844751466201,78.96689722825737,96.65684346802813
27.458948727735446,70.94937295862378,76.07764052896422
44.011857824839666,45.18544002089592,63.07747315068893
51.63431717883041,55.54013647150208,75.83409173845979
66.91123181459741,34.63823912922447,75.34534194573763
69.71584201774738,68.41385997442447,97.67678774838814
64.78655682329695,42.994753727095706,77.75504352176709
54.15017306348927,32.038344305819976,62.91817502649061
22.412822581113787,53.07917456890256,57.61712756610239
69.90641709520598,45.666082241492816,83.50028873228938
35.088291753636945,32.09857021361634,47.555298631664634
27.996007357780186,20.0224272007883,34.41909381415713
80.20282553133075,50.70679312226681,94.88768145525236
48.57705475632888,54.984869423331766,73.36938131332592
59.108859263208586,46.581344137110634,75.25741734219778
38.104433278794254,17.38800406442598,41.88425146570698
37.024789382816365,49.161717873069605,61.54437044176505
95.09295610510001,99.46691331659147,137.6093643090353
21.68190127724843,12.914636457498235,25.236732709003547
12.109058121296806,97.20096412975336,97.95231858582288
27.513129846046645,80.99995492724682,85.54510513256406
64.40993732604876,25.420248566925892,69.2447042274702
70.94401212514649,42.90150970592232,82.90713112549655
50.35428658478411,33.80199396797041,60.647580113911204
20.782949609501568,61.68305064696639,65.09016616653626
90.32238172562319,97.58931736223597,132.97295779148632
71.13826755775985,7.968394531464273,71.58315739423972
46.4548593658723,4.501821305126343,46.67247961878888
81.69609589023328,63.7195759826772,103.60712546499089
28.60556013393438,29.223267710723654,40.89348904494161
12.128819474996067,67.95948267363727,69.0333220055753
26.52636073052204,87.15250637453119,91.09998452781691
5.702913665670966,48.51269931814085,48.8467523936898
25.09642536669457,95.59159791819715,98.83108902941596
29.943521078615376,10.888530913213982,31.861804092572974
6.3413606104825275,67.32950323364392,67.62747119389758
8.974453400979117,58.52617770226531,59.210254941888934
52.912282325095504,37.13267757592513,64.64166895129044
20.576867946581704,36.22074768922661,41.65753302414434
51.21690234555336,49.58355975592218,71.28604690921678
33.33463791326215,83.81899469946924,90.20433447034542
41.251487170328325,49.82472507736277,64.68530298915314
28.835754813758072,18.743750678801792,34.39228031387646
2.6092539566624726,14.339735125124122,14.57519158258571
46.44107356988801,22.312496027458913,51.52301226926781
97.60837265497445,65.12570918065532,117.34032729047442
92.14205358612216,78.14053360605484,120.81432461139198
93.06185600944308,18.045730666957805,94.79534502931406
94.84794471289939,86.38436873191185,128.29026376725605
12.084330329685557,93.18413207711545,93.96442683527769
51.03774136241076,64.20248831699891,82.017135706331
67.59301015009135,59.45313033119087,90.01938528632552
4.3821185387879025,42.99839918987042,43.22112094542942
46.16993770425385,66.45815270172986,80.92187101236058
64.56306412691535,14.68126279757875,66.21124320527258
84.8628399568982,90.20186929412019,123.84699766124191
20.231054690478725,34.25540308450855,39.7835168678097
92.44340994010372,11.760135388992918,93.18843718896412
73.08275808662887,20.288764445789393,75.84671049086734
89.57050497544276,64.9158740417459,110.62073071608067
53.87065609330523,47.842808115392685,72.04846893785772
30.156429072339826,25.406421847560615,39.432175764104976
28.125090411432737,43.58559490652477,51.872196733962824
97.68867831099055,4.548456968735867,97.79451074035106
16.747138476906166,20.386574707752327,26.383310548137015
75.28368550283872,47.880328652233736,89.2197241350602
70.72018616709283,96.65497243720932,119.76447064278271
26.534424132202926,70.73539610178418,75.5484740130728
50.30959478319339,33.64540826433297,60.52329158698133
76.46195113144275,80.6949440439467,111.16700933767548
13.0445249584583,23.00796743675377,26.448557559204684
10.581748039148579,26.193399649507324,28.250089854066573
41.273466170539336,97.73394679572954,106.09158009003895
21.101612181481073,87.26273802839084,89.7778563169627
60.297838238032476,82.49530199036003,102.1826998403381
77.07500722707927,76.77852163289623,108.79107556774791
33.99869287203704,36.48055435447952,49.867243386989394
25.8751443900021,31.468146602404868,40.7402423629745
34.79607949754601,9.50343618812214,36.07052048115263
30.075247783847527,60.01561377590564,67.12968364411157
66.93385213620428,81.3355256613878,105.335693363672
92.47296255333443,55.0165197737728,107.60142309192906
77.0734772151251,5.482867796069382,77.26825175516515
4.288490170706878,70.74141979533746,70.87128912757558
78.98814548976536,96.28003327145495,124.53502292393418
19.165696669204003,36.20938167136409,40.9688082550427
12.61537391713581,29.20464168775529,31.812870904389072
68.40877653004083,20.89146135373323,71.52771395642107
96.028916824043,75.17196113492027,121.95235384062471
70.32507452375843,91.5527332155077,115.44487457657921
6.728959975137964,80.13213394776865,80.41416413400158
88.3628636353778,32.22473384937503,94.05545779755384
50.669282770182534,85.50085979517033,99.38698728786426
39.65624840383868,13.565340121214154,41.91224749486933
98.12865360900695,75.94553692223703,124.08447621488894
88.69651046181433,7.501548130099175,89.01316864627914
50.22951919595214,91.24100283258346,104.1533734285742
50.45311894566218,79.39025356806228,94.06555997253385
65.18764588267298,85.07527636604856,107.17850448893337
48.95142956895213,56.24669709365075,74.56496087834407
89.46105682489473,98.98858575136437,133.4242136843319
13.5704695913382,4.6082879079319286,14.331572222607901
76.65969058884117,44.46605078449239,88.62244542747577
44.51557546464033,47.254617194601956,64.92022262097119
61.72432869549805,10.750422536265468,62.65352613874281
42.36422256026419,72.90862234920672,84.32315557422436
34.790582158486316,58.01864691933955,67.65018844968117
43.78943276227418,62.063167265699676,75.9562449880979
62.63482023854699,99.0121343120084,117.16024687296577
1.4146392760878563,4.234386192021516,4.464440693371662
46.445295667954106,39.46707024989695,60.94928320984569
33.114151293051364,31.51366655306781,45.712779345354186
86.071775623268,85.24064987020473,121.13760336591204
99.13237260439264,39.36783157187469,106.66327137701914
7.915267803075897,72.53098164969427,72.96159786807507
81.04165393925538,63.07801607112285,102.69657143585107
32.55228936678675,69.61659787283183,76.85129954923724
27.3779675424416,21.257185259675186,34.66152091179984
13.095977936392927,60.33290538926159,61.73786610193197
56.92830706267878,87.07416895759405,104.03241343292137
95.54035951043468,51.21425480691437,108.40138463511737
55.50195577175708,22.044470084048847,59.71955923963776
14.89318147589426,51.73121088027218,53.83237904470794
31.455084531161628,30.71859099217707,43.96651197681237
65.74772192871046,87.6591522173386,109.5759549640229
56.31341270583547,49.3037956411791,74.84694192286618
71.64806756827643,31.710621150684464,78.35182882377758
4.348792900585203,67.65992090841767,67.79953463723417
79.62062051888469,66.15063913598809,103.51497606584257
63.1551987834494,59.334823458767104,86.65564267986285
42.44698899962606,80.0283660277878,90.58855470870454
37.92008479344257,52.54477941603817,64.79881692301167
52.9192107448538,55.12670226501595,76.41594184771895
58.17816126854811,76.8581471742337,96.3943630906152
6.390276048529867,85.66268449009671,85.9007051311354
32.10356390986415,24.805938698555924,40.570597856468005
5.357746473622411,21.3251730083622,21.98791602476672
13.717363787965906,17.86723557148607,22.525633759305762
74.9116488853984,48.787514288682196,89.39785617786134
22.768098250678854,93.10654799364724,95.8499638875566
95.71067182620573,80.05947067490688,124.78001260686715
56.9225512283206,42.917229376922755,71.28860649312892
84.95810703906639,22.34051367270942,87.84633460094952
68.15413306207851,91.00444135770476,113.69606061896529
51.73010563206615,40.647737187656496,65.7893788326164
11.05325046802841,19.15530046707642,22.115602679849093
5.526974678033494,96.4158543597506,96.5741395043842
25.62379175324384,51.84239464793529,57.829167265713565
19.582044279430086,47.26955513651186,51.16509846531418
92.37203541358572,86.56439087044379,126.5937861556392
78.4218184413352,13.65494787235506,79.60175380632312
33.141230272115386,98.66544081731972,104.08270920583013
94.53077900369344,15.851796808806148,95.85065279440096
97.43132194613085,85.70665159348944,129.76321752923047
42.35306201136723,84.39135958988557,94.42289677386565
33.917569366297315,21.37981219874203,40.09361397244041
52.829454807410045,30.214853578429587,60.85958159578588
58.9507984720796,53.56621958915531,79.65259896305548
72.05356931111385,39.930670627745926,82.37824535187077
37.91177676603995,39.71849068942143,54.90775282420237
81.6445489824565,14.52526067813788,82.92656737328875
13.240682482603159,7.264587345230072,15.102645526582124
6.928393065332958,66.17310533415827,66.5348217103898
69.95446981972053,17.91802413691085,72.2127650538955
45.787269783118624,9.4908871473322,46.76057113675456
48.727808655360775,53.40208286304753,72.29233562740414
9.448116412590794,69.16751146193175,69.80982413373012
16.10639334043264,15.621096303528823,22.437347351254665
56.55163956398882,98.57386325338236,113.64371717816972
67.17552974221685,56.21414760049263,87.5932770627828
22.75804442009764,38.80570601840538,44.986791454982
81.85876613277321,1.949161388246293,81.88196885088614
13.576916087150751,83.80762079260019,84.90023529622167
96.82949384142077,57.316029643717236,112.52145631702967
13.373189975539393,52.44682037511114,54.1249589152827
86.69918289920436,61.01518300829021,106.01698388902051
97.56075878053068,85.39910420058517,129.65765944245368
67.54006521176456,59.09452822152039,89.7430981999924
29.917398458946654,32.45839526309712,44.142928693130784
1.8845929599666895,19.157982173673584,19.250453802223753
53.79509866388277,41.208849537266815,67.76490183304317
66.39083383445725,83.409405818709,106.60615271298651
77.16378507734227,49.27467599199018,91.55459257501987
72.13304350967364,79.02761706046925,106.99785149349795
94.2172199329541,63.536347181060506,113.63869035239229
65.32774891864098,4.572249292506355,65.48755792033951
84.12438903627007,51.07539377903855,98.41549004302914
9.053912919198941,31.497845980985325,32.77327631760839
20.159682565216418,29.671049208379237,35.87177110565288
45.95448034214022,64.35394392268422,79.07745798848201
53.23333688314712,93.93402032090249,107.96938607476822
86.39324946483944,30.71892156322605,91.69212449879005
83.03796041536249,68.99456056537885,107.96088299728304
58.56910209580896,70.89427013300342,91.95834523304862
41.75530225000924,53.88765812922566,68.17173141883612
27.63521851822575,64.09218362280032,69.79622700468013
58.212181476048976,92.80685575357019,109.55259260768065
17.102922087614157,96.47090582163462,97.97522959392182
95.67740972450233,74.27078127458378,121.12107860619206
99.59327683065881,33.42194310722458,105.05164002018626
33.613358607897446,23.22214487227621,40.854937148062014
56.85054205914565,47.93911472849789,74.36493026535271
22.64007955493556,12.594576077161124,25.90746125766109
99.64834927392978,5.036535899100223,99.77554914347516
63.634609086839944,66.81050190030467,92.26595600656586
57.07746785959312,96.24551139007846,111.89743428694247
15.537924033094352,59.591236850739044,61.58362276335398
3.7638644710583296,69.97811679676713,70.07926587927757
19.7125497330881,43.408313569732776,47.6745876117216
79.30347177801396,48.184106807651816,92.79412042202596
60.92028018403694,2.0150115121479977,60.95359553870184
54.912023791270194,60.36502573899283,81.604330089293
62.57256170934873,78.00690689379216,100.00201498973415
71.9880668214316,6.223454644243942,72.25657860981147
97.92585122481638,65.12616511017602,117.60480313347232
78.37769553233912,99.40061078778687,126.5841403254971
74.72537134895911,83.67840004611155,112.18714613322206
51.03430912121186,27.01252692780608,57.74233558235116
74.39349056665779,57.92664979567022,94.28620363150497
98.97085835102862,92.97598247994466,135.79309305281453
62.65025043923535,32.3475842382792,70.50829799499827
96.23734336377501,91.89310369448641,133.06377705567644
49.6846474528109,87.21405720766971,100.37358201804294
94.05628928447803,53.02842268207026,107.97499324433282
48.196781745924994,55.10790909657187,73.21073292667106
21.225368737074266,80.60553934677495,83.35327978795587
25.99245874345759,70.47525023578827,75.11570280126067
93.95302655656383,71.34880182199927,117.97382218345437
33.40519592393325,72.5182661165501,79.84238244984392
28.982455753411372,60.21958331291109,66.83098799119378
5.009898261746347,1.0783732270756086,5.124643344655561
73.12437943730615,45.92652589463511,86.35056831800073
17.203781744550756,76.32638698981098,78.24121329090268
75.3962857391004,63.22822858537612,98.39923167025569
38.57637812047901,87.97556392661706,96.06163020218038
98.2854864569257,45.10404808037576,108.14070464589813
30.68660870722675,41.75372485555038,51.81738601341687
31.712476951667742,37.837252975742736,49.369412667768394
74.62725655129881,83.90815737066903,112.29339381154321
26.780499940711405,12.530851357480572,29.567167818675433
54.06745308098436,42.28343639430682,68.63802500054787
20.152850052726375,78.48641868088329,81.03243352262461
74.56824378210341,3.647855269968564,74.65741643546099
28.541245914059747,44.54654893901429,52.90555491347603
46.59038231152926,40.79826047110498,61.928683026547446
48.28015566785788,58.669568096989856,75.98086372238683
9.147041867411428,8.371791416850723,12.399809129637157
17.191395868446957,91.29912339079688,92.90357379473411
63.437392221234234,97.37564314566244,116.21668817283559
7.419269394973518,68.36119369421763,68.76262328949886
99.63216319540203,56.547524165140516,114.56085907587449
43.92296431518906,41.761928790387714,60.60763557941182
90.82449403279236,13.415384283795055,91.80991913619481
13.117497212975426,79.86599028783091,80.9360558576233
60.457124457349344,22.528299984584553,64.51812301862834
81.84747251622406,56.798508970591215,99.62469261471468
23.342978891564346,42.05348210493039,48.097713258342324
75.89470094148216,90.70238237584387,118.2663426324278
21.316139067614053,94.83798729980654,97.204020594974
57.95391311453995,21.683293400366846,61.87746971211766
19.17392502227283,1.5799130978663665,19.238906573829755
41.574657081640716,22.530546580487304,47.287182625649486
62.22843400869622,2.072182314457747,62.26292587663233
10.993931465869984,66.94428861647208,67.84102230539985
45.777230078643356,75.64800083516589,88.42044347338634
56.09345282053407,74.07734423166866,92.91893444151529
13.825740750580247,91.00151918171319,92.0457907819905
31.088081405771295,31.49691386799767,44.255218773608235
94.5675218558118,46.10255354770218,105.20675659656175
47.244233643291494,99.37373462686844,110.03252585591765
78.32880337982824,95.64706379911344,123.62751413948058
62.482888534705125,67.91108134915802,92.2823186187492
70.70225543853356,24.018628327867862,74.6706329881293
20.029873441787842,1.106109497086261,20.06039152941892
38.68723995296146,99.5744880555477,106.82593882902424
98.2441795410163,50.165451682405894,110.31088503038694
69.68100804244241,10.976424496690866,70.54023516081074
19.942349071103045,44.077852202120276,48.379275947720465
62.98160646426745,42.24086247530484,75.83517136182572
17.50672247868435,61.33634792197286,63.78583626755219
49.00270340543268,84.07830148676732,97.31611234497883
9.945156860368803,66.30826882779597,67.04992662126186
3.7124622930695144,18.261237021275893,18.634783439167737
48.40976651953574,81.28200254880699,94.60586362810832
91.22583735041218,5.166237526776951,91.37200561696638
81.01152638877666,81.68859167755572,115.04735293826575
76.18489272950406,60.73166646921226,97.42932408845748
76.13452330077311,42.49075513742405,87.18904696339152
57.91763900767198,4.047424895056114,58.058888695049326
17.719175314811665,99.40333389857064,100.970252866811
43.35628527860796,81.06073227351864,91.92719831409583
92.52845808308017,29.05941622843194,96.98435557743103
16.601687347560194,28.539510288490792,33.016960343026916
70.97743309599609,16.089489455907387,72.77820882550185
21.402449599075332,12.849321890284859,24.963371604835626
57.50922350222582,22.590748542440753,61.78715649337451
5.515409351181931,8.13900690286969,9.831743165688653
11.278481386779578,70.91223046363554,71.80354149845043
36.09438402640289,92.91307254786325,99.67769865185466
91.27235304761754,96.14388075218578,132.56805134322317
83.28599528847901,47.80528085102035,96.0307340825711
13.21663242118458,3.080113939882189,13.570794908160831
58.94228092131064,70.81452092003322,92.1351662143208
56.29949855589479,91.65493666989823,107.56514748564358
53.11793670068265,14.93644008362961,55.178006866047504
15.255563757358372,44.912031757950686,47.4322972475717
91.08833774054584,22.849539468839765,93.9105251091368
90.55882314368169,85.89547174361682,124.81559403867409
10.643747263965414,87.22348813649346,87.87050835471584
16.779174366229427,8.787627679118621,18.941042543617876
15.24957936453634,59.84084117175047,61.75334762535517
63.5826809065333,83.20090168792024,104.71459952148507
8.315862606934747,14.278019278787465,16.523177824584533
57.689774791577975,47.09046891653413,74.46893565965645
34.919916361514424,19.84404071389576,40.16449315689064
22.32613536206022,39.97367266347809,45.78592388946554
9.635170184942687,73.70657189958573,74.33367504490552
74.08729160951056,59.66443531008563,95.12503150540371
31.357485319154996,80.60673465177808,86.4912571117057
30.85235798967054,21.013797179558672,37.328911923955346
83.28410711951024,44.777839234111795,94.55843370725859
25.611922531788814,35.5755671429355,43.8359618728261
99.02301384344304,77.24845675363406,125.59013234110705
22.638843401682106,87.34696754650275,90.23308689242373
29.50674809399561,84.12150148630533,89.14636950203291
94.15712633818889,2.934207330802182,94.20283442086972
81.14774914228113,42.513257777078444,91.60968440988599
77.79752257927514,83.8044676919061,114.34877928774124
52.40491953177189,7.548700606611136,52.94580693482476
48.45320293504278,99.39337575755182,110.57466264541044
94.9897701682419,30.420417202937823,99.74195816914873
97.18509141272257,20.724536493671593,99.37025916126397
56.920994032764,22.943289221826625,61.37095470981644
80.9531985668918,52.19164112411137,96.31919726325924
86.20530864514137,48.92060653851378,99.11902432278157
62.11109392091829,39.72837428285232,73.73012756812194
69.95405481212397,69.30406402036556,98.47143278330306
56.77671445748199,2.703573437902237,56.841046910842294
14.871890519027753,16.67354919364265,22.342344781216877
3.7322920815599643,62.493788016849194,62.60513992378708
28.631503993670933,73.62607951298851,78.9972316311939
29.32707493614704,4.175170415739697,29.622784681910844
90.83995509753655,26.940964579896097,94.75079426905967
2.7125439497149255,94.8307873440414,94.86957427421046
21.183305004807714,12.59092375188356,24.64272249270476
45.04728071104297,99.71963409459838,109.42240594786833
52.808065286171676,14.834839051608098,54.85220331906173
50.10726864345918,66.49518173762651,83.2607204222241
25.983279516509477,5.494539308213715,26.557875981383877
55.055101756224964,26.48903497806349,61.0960981033761
51.05924995313253,55.58635429812303,75.47774367277366
18.428913119275112,9.884242776688358,20.912271374155086
77.76303549588961,90.49824780844465,119.31899490832816
44.03646840989776,96.82431759185177,106.36803573980154
78.67762000857117,41.91258785860271,89.14501057949462
45.720569996169054,33.29859555165516,56.56117914689635
83.14617653830008,87.61128080051397,120.78502885889736
27.494075804149166,19.696163472782548,33.821044630094946
90.87513467688402,35.571807124878625,97.58915700359017
56.13548847360523,71.14090930399269,90.621311195376
52.308917960995615,86.58050095365805,101.15535598096895
23.139078254628256,66.57844627237156,70.48479588192674
48.641886830597514,40.96642891764236,63.594665284950594
61.88710810078104,61.63489526084601,87.34342827536149
82.09444557253201,29.617128682455277,87.27354871468523
90.47727316013763,38.00026416004017,98.13336351479549
2.712635864162889,13.066373295642187,13.344980495774957
40.525356718394896,26.43848482404589,48.38696122866634
87.72634761910098,8.190495916451006,88.1078673555588
13.01675976273111,35.90710831786047,38.193670450366774
16.852305594994935,21.930412188105088,27.657606234222182
73.86198528703075,88.1970624688944,115.04049156137854
29.22104943944968,10.566087415200332,31.07268790446712
73.20228340206246,63.1865448608438,96.70115690480283
3.5430551159367636,34.39203693138316,34.57405738186059
96.09379810008303,2.7179107538917426,96.13222702177268
48.16530559038398,73.9211331160125,88.22828675527091
31.293097413811967,54.32932238653361,62.69715477380315
67.99174108690775,8.895880947605464,68.57122978234436
16.833021463593745,47.69331081182168,50.57669925753196
78.39506269897788,78.86259943372588,111.19845073120837
19.967330593798312,86.4550923189074,88.73092628228805
87.6084103046832,60.9304912402735,106.71344019801239
17.948141534618795,4.864282127405401,18.595618439882657
96.82753891843586,15.723343857650292,98.09585024386669
61.137463719827586,96.65074327759817,114.36413618877826
97.22626636957861,90.78791675579554,133.02403053969428
25.08084280669247,17.234100038366655,30.431281274807457
94.98301491867859,67.9248598397972,116.77139935488489
35.3589270212933,33.43320540500089,48.6624387361559
74.65298143958087,35.691868427986954,82.74646282288529
50.710679882560726,63.888899354030414,81.56815870682001
11.588562995429388,40.693690882234165,42.3115973453835
84.2536504471046,81.19684733985065,117.01113464792101
94.60741106148983,40.64976479930994,102.97070265855685
59.650998594532886,9.240976542320869,60.362548660412685
88.53620967754645,69.4228109991465,112.50860905321728
39.48262504456611,82.23388298433356,91.22110058035292
58.01812523765162,23.9565643259892,62.76957726794953
88.49376980540846,19.026568175715884,90.51606261276386
44.81853974351233,30.37228877151214,54.140349370510314
15.273755604445865,87.57018238043881,88.89220692730976
51.82038857857092,18.710795677048342,55.09488676186144
25.60484783868013,81.98325376533491,85.88866124694961
39.682585157078194,43.34637657286006,58.767473373839664
92.16027081611277,43.12514934145947,101.75113769694386
19.970031226371976,74.31524814808243,76.95166180462473
24.018274066138034,25.73865587031138,35.20448686071753
63.249582171657565,3.4145135950881857,63.34168096901364
37.157340624345494,77.14370325500742,85.6260410983147
93.21334133834335,91.10107281028299,130.3385302611741
9.923073129409742,84.43987341386399,85.02093625972951
96.11921224482677,57.0026169338549,111.75062102679277
29.969183146717523,8.646585766737788,31.191591557710712
22.070350982697228,47.393930043113265,52.28082820146366
5.431598111779465,94.90313015548541,95.05843661325855
9.840114334205424,89.38212271017308,89.92214249163925
37.37386394505657,84.09992128281917,92.03044314768879
44.82854457289324,4.98039981854542,45.104354455822154
76.2044654169219,62.636849060699824,98.64327351488159
27.813411177269153,18.19939118654441,33.238587227448626
90.77331126847781,20.41686131097849,93.04107837098455
11.580498303465598,40.73958119079491,42.353528974076525
32.10801060498416,80.06334231015687,86.2615970573414
57.67621995070219,83.81976477870012,101.74624963780431
60.85162762188037,27.166821932213594,66.64050418573224
97.61004490505118,30.506596619992738,102.26618846765074
35.79572511927902,31.52339181093548,47.697569834119825
59.28586657491693,62.776625295400805,86.34650345565828
37.03920454017667,70.33494259725734,79.49155189784967
50.889800291370534,51.439412741675916,72.35872412435191
94.12267075842432,35.38763798212039,100.55526874635835
15.74356325020593,54.24686049977154,56.48523398105835
41.795556178363114,16.95600627407162,45.1040426683137
84.60349008064499,85.9629004919898,120.61248191966507
10.663400112488453,1.9466906535707653,10.839635900698811
32.690880669012955,65.95800637675278,73.61489172790655
28.067891803688266,74.4086733149178,79.52645606834064
93.39400194192916,90.3067578530471,129.91439532499064
62.744147234733276,29.102399449222688,69.16485860547974
38.983538619575576,29.554149088806664,48.91997558939857
35.18657710921495,23.842292271611957,42.50353055250466
49.106520701861825,55.10643745497934,73.81171874724185
94.83003949205379,42.559310260146866,103.94244214893128
12.853376780507578,5.45962697779626,13.964842333459124
75.47843677699298,50.557247863553336,90.8461872058222
88.65169437741207,36.78308994206974,95.9797823589555
52.12755656184297,85.26849531299644,99.9399742147787
32.44287897356257,74.61609781378402,81.3640120019251
50.06838729305794,15.699616467551804,52.47210080943843
28.076013124277775,11.30657940852827,30.26716456617589
27.93903844935083,28.082283363635366,39.61318604189539
24.775496649260802,14.042518944092665,28.47837025731519
68.42530013878604,7.14901689224501,68.79774808530115
93.55691603185547,19.74758539183689,95.61832285811933
94.32018853501273,34.22407668548005,100.33735789950804
61.51943836372587,5.240235824608746,61.742217064872065
24.176412004053677,35.689889991876605,43.10762281803538
97.49888704396223,10.885168245320433,98.10463731414656
37.1181192989871,96.41637241092975,103.31443098220565
3.4805767557395186,49.266562878971705,49.389357481751745
39.37179848700811,45.6276424829919,60.26624490257628
95.08924091363654,23.06884963744311,97.84751177790149
12.728834069753171,64.22185438678832,65.47113713426056
79.31518571751096,22.0276940107694,82.31717918414928
69.89101604464302,7.148888844633315,70.25568116149377
27.397260604576957,48.51658772878257,55.71776353623465
19.69032654394551,62.76915484207269,65.7850724632519
32.58781117298075,6.073893744041629,33.1490214374385
63.5253523069147,35.147344952357685,72.60031847669579
5.332968816778569,8.051043101000019,9.657114031370481
43.32918205329668,63.94222596373963,77.24005617945694
17.18308482010359,8.266694953095548,19.068210439955028
7.372401270705737,64.04194074492489,64.46489335190724
53.03658998451046,31.408494754747686,61.63905758481458
76.30503505850032,90.70197991398791,118.52977489051614
33.053328760459465,80.44015791715795,86.96632421739075
7.9328363673028015,13.27119387928632,15.461386736383274
41.98189247684324,87.0407536430171,96.6362876495244
91.98756280831624,42.73616154080326,101.43022830820976
2.786384385006629,36.7506266204209,36.85610525997828
4.707084218118517,34.94479993141465,35.260398240562424
55.87790661612474,64.56517691384822,85.38736743638883
98.84446647972166,12.982491479803983,99.69339817000925
16.804767905815297,35.0488835895473,38.86932550536423
98.89359905045481,41.67321228424366,107.31542552326648
66.82633049199113,54.40779888171952,86.17405077039412
95.58891468434668,84.61560432492051,127.65986489810655
56.72332872943927,31.731822385920655,64.9957273524933
26.933009608047087,72.54721206857258,77.38530212817935
61.818194490389466,51.87969277446069,80.70310831946962
18.942971337586396,65.06398365041817,67.76546415069038
83.09362737735013,46.12994623801744,95.0395857032652
18.078746189956927,28.40389036545216,33.6693042947654
44.89104230299171,31.942027819402625,55.095361150141144
13.105900185878811,6.6907419635913445,14.714980384138487
84.6155601462691,19.696094598492873,86.87766779385635
25.84454628493516,49.73517135102892,56.049334001309624
77.67975168996966,39.37931125115507,87.09118197171682
72.06288646456842,99.5865246706996,122.92491814759585
99.53032338742989,54.90044656603971,113.66769244933651
96.6043007016711,46.97631362937609,107.42050528769819
28.83243153379283,62.534889559323155,68.86161136909007
14.39570400152013,2.102281708265086,14.548397921430684
69.2744551463661,50.28125744299786,85.59880247921062
21.600222904614608,70.42078902746245,73.65906024909232
29.374913395732005,16.131724892982547,33.51295398841511
24.78622598425121,94.97182729040425,98.15296723696508
71.17050507741484,14.931021226215568,72.71984727591246
31.89475736745071,56.431922020950395,64.82158105528727
9.844063123492829,41.13841367236676,42.29981865514418
67.50686101321544,7.769672150355152,67.9525134868578
35.384043287726456,95.81596941046413,102.14073875518376
58.46328530855221,55.67080922874074,80.72914423708467
34.057789968578334,42.72696052696388,54.63996901002529
93.91808610146305,85.81303186264519,127.21825079139072
98.50797060858172,26.000496421796356,101.8815296685373
1.9872655138576854,29.263761942500633,29.33116068705629
67.32780450672487,60.75907294947022,90.69012187319414
62.593402779265155,33.438080881857374,70.96505706718592
54.06961053736903,80.2151635000762,96.7367315915042
14.415010790300705,95.92137007358781,96.99846273461591
52.625640991644794,88.99113313095555,103.3870391572993
98.11250573939785,69.26360551564187,120.09792184500876
87.74563046422755,56.97975934376874,104.62307890918991
88.73290940543787,44.392074184097225,99.21786866245432
24.73260651071725,72.3876375644984,76.49622145559317
62.046428172305255,39.589224383589055,73.60071967199232
96.79200002720654,51.11844053240363,109.46134583373089
85.1880636279474,26.070354133669188,89.08798768259466
49.70727568576105,81.82376796185794,95.7389276082421
97.3283963053073,27.846323400188,101.23356387221983
30.807309460447648,68.29751483024585,74.92423405133641
89.5438288453017,52.48383878757739,103.79138026906232
61.69367553103012,23.361043445867903,65.9685375873056
19.005246954998878,71.10912543881068,73.60507545334768
10.421578760366353,85.06835582877586,85.70434333958661
49.611268819163655,82.63923712132787,96.38735137891472
96.39987981632336,29.252584621922118,100.7405108963832
9.712434118516446,12.821185841293952,16.084594582504057
22.3080498285111,44.852158951700865,50.09356495379396
70.57914737311292,76.56234473951021,104.13072877843119
82.93793299830189,56.57606278921575,100.39697012739028
78.11369216670917,14.834886427236995,79.5098909521603
75.15788606600256,35.25373281591549,83.0152607378076
20.722781849464486,26.82111244128626,33.89403723619562
86.30622708303916,81.91514198181007,118.99098839495882
64.70914270263262,60.37852325440689,88.50332886221075
51.76736191714924,59.80112478824387,79.09509647127454
67.8519880068622,9.691002417537671,68.54055590918485
87.19405415928591,14.905787685831303,88.45894859915285
77.48117026699543,86.3891385657894,116.04488359286806
64.94697168701975,5.024143657210311,65.1410097465708
60.45957755820578,53.31452717702647,80.60892833071652
82.04281925611845,64.92717129068126,104.6258178620439
21.183566915468074,54.45727578011881,58.432340297595715
67.526997955889,94.84627430727662,116.42899640083563
70.32977871037572,80.35609937423997,106.7866118953736
93.96900996905585,66.62950467122165,115.19403512029982
54.746799458827056,56.32960343396178,78.55085151678767
9.752415540298836,78.30402541039207,78.90899824698062
86.3600242076171,12.312594050529098,87.23332937239834
2.4918588436299274,66.0900479550944,66.13700778840283
11.436340059795672,99.30955237468966,99.96587951308445
25.044674907414986,89.36954270480426,92.81245015882263
74.5837115241321,99.78056454884397,124.57484130594337
29.88383625322131,45.087172028288016,54.09155895995032
44.746311600981734,76.66044967993649,88.76405211019959
19.665705539146483,92.59446475611573,94.65978490269231
99.81587415872278,54.70964812850992,113.82598267713462
29.452238375435346,99.7566543351472,104.01357810144553
23.43890074005328,6.131627503909091,24.22764792027416
81.98083496962009,50.28739170323109,96.17525184074267
46.474806899841205,97.34387456199545,107.86907615771554
32.547442848018896,84.09974869901673,90.17817788790602
37.93602764556758,28.61032470053785,47.51518570936531
88.61255772366493,46.92142910766435,100.26866856518751
46.53344128192379,25.677908817774544,53.148058843124204
93.37466272032229,53.617201465328264,107.67372906659983
90.93407484845913,63.4084106882653,110.85861497672107
87.85446798733227,91.04292309338416,126.5196482398092
67.17726670343164,87.23613717672885,110.10417245164253
39.83118926316948,39.97516947997397,56.43170928716469
31.191599686323542,30.77480583659845,43.81785669418568
59.41941356355037,71.74408654484665,93.15514297337899
